images,masks
images/001.png,masks/001.png
images/002.png,masks/002.png
images/003.png,masks/003.png
images/004.png,masks/004.png
images/005.png,masks/005.png
images/006.png,masks/006.png
images/007.png,masks/007.png
images/008.png,masks/008.png
images/009.png,masks/009.png
images/010.png,masks/010.png
images/011.png,masks/011.png
images/012.png,masks/012.png
images/013.png,masks/013.png
images/014.png,masks/014.png
images/015.png,masks/015.png
images/016.png,masks/016.png
images/017.png,masks/017.png
images/018.png,masks/018.png
images/019.png,masks/019.png
images/020.png,masks/020.png
images/021.png,masks/021.png
images/022.png,masks/022.png
images/023.png,masks/023.png
images/024.png,masks/024.png
images/025.png,masks/025.png
images/026.png,masks/026.png
images/027.png,masks/027.png
images/028.png,masks/028.png
images/029.png,masks/029.png
images/030.png,masks/030.png
images/031.png,masks/031.png
images/032.png,masks/032.png
images/033.png,masks/033.png
images/034.png,masks/034.png
images/035.png,masks/035.png
images/036.png,masks/036.png
images/037.png,masks/037.png
images/038.png,masks/038.png
images/039.png,masks/039.png
images/040.png,masks/040.png
images/041.png,masks/041.png
images/042.png,masks/042.png
images/043.png,masks/043.png
images/044.png,masks/044.png
images/045.png,masks/045.png
images/046.png,masks/046.png
images/047.png,masks/047.png
images/048.png,masks/048.png
images/049.png,masks/049.png
images/050.png,masks/050.png
images/051.png,masks/051.png
images/052.png,masks/052.png
images/053.png,masks/053.png
images/054.png,masks/054.png
images/055.png,masks/055.png
images/056.png,masks/056.png
images/057.png,masks/057.png
images/058.png,masks/058.png
images/059.png,masks/059.png
images/060.png,masks/060.png
images/061.png,masks/061.png
images/062.png,masks/062.png
images/063.png,masks/063.png
images/064.png,masks/064.png
images/065.png,masks/065.png
images/066.png,masks/066.png
images/067.png,masks/067.png
images/068.png,masks/068.png
images/069.png,masks/069.png
images/070.png,masks/070.png
images/071.png,masks/071.png
images/072.png,masks/072.png
images/073.png,masks/073.png
images/074.png,masks/074.png
images/075.png,masks/075.png
images/076.png,masks/076.png
images/077.png,masks/077.png
images/078.png,masks/078.png
images/079.png,masks/079.png
images/080.png,masks/080.png
images/081.png,masks/081.png
images/082.png,masks/082.png
images/083.png,masks/083.png
images/084.png,masks/084.png
images/085.png,masks/085.png
images/086.png,masks/086.png
images/087.png,masks/087.png
images/088.png,masks/088.png
images/089.png,masks/089.png
images/090.png,masks/090.png
images/091.png,masks/091.png
images/092.png,masks/092.png
images/093.png,masks/093.png
images/094.png,masks/094.png
images/095.png,masks/095.png
images/096.png,masks/096.png
images/097.png,masks/097.png
images/098.png,masks/098.png
images/099.png,masks/099.png
images/100.png,masks/100.png
images/101.png,masks/101.png
images/102.png,masks/102.png
images/103.png,masks/103.png
images/104.png,masks/104.png
images/105.png,masks/105.png
images/106.png,masks/106.png
images/107.png,masks/107.png
images/108.png,masks/108.png
images/109.png,masks/109.png
images/110.png,masks/110.png
images/111.png,masks/111.png
images/112.png,masks/112.png
images/113.png,masks/113.png
images/114.png,masks/114.png
images/115.png,masks/115.png
images/116.png,masks/116.png
images/117.png,masks/117.png
images/118.png,masks/118.png
images/119.png,masks/119.png
images/120.png,masks/120.png
images/121.png,masks/121.png
images/122.png,masks/122.png
images/123.png,masks/123.png
images/124.png,masks/124.png
images/125.png,masks/125.png
images/126.png,masks/126.png
images/127.png,masks/127.png
images/128.png,masks/128.png
images/129.png,masks/129.png
images/130.png,masks/130.png
images/131.png,masks/131.png
images/132.png,masks/132.png
images/133.png,masks/133.png
images/134.png,masks/134.png
images/135.png,masks/135.png
images/136.png,masks/136.png
images/137.png,masks/137.png
images/138.png,masks/138.png
images/139.png,masks/139.png
images/140.png,masks/140.png
images/141.png,masks/141.png
images/142.png,masks/142.png
images/143.png,masks/143.png
images/144.png,masks/144.png
images/145.png,masks/145.png
images/146.png,masks/146.png
images/147.png,masks/147.png
images/148.png,masks/148.png
images/149.png,masks/149.png
images/150.png,masks/150.png
images/151.png,masks/151.png
images/152.png,masks/152.png
images/153.png,masks/153.png
images/154.png,masks/154.png
images/155.png,masks/155.png
images/156.png,masks/156.png
images/157.png,masks/157.png
images/158.png,masks/158.png
images/159.png,masks/159.png
images/160.png,masks/160.png
images/161.png,masks/161.png
images/162.png,masks/162.png
images/163.png,masks/163.png
images/164.png,masks/164.png
images/165.png,masks/165.png
images/166.png,masks/166.png
images/167.png,masks/167.png
images/168.png,masks/168.png
images/169.png,masks/169.png
images/170.png,masks/170.png
images/171.png,masks/171.png
images/172.png,masks/172.png
images/173.png,masks/173.png
images/174.png,masks/174.png
images/175.png,masks/175.png
images/176.png,masks/176.png
images/177.png,masks/177.png
images/178.png,masks/178.png
images/179.png,masks/179.png
images/180.png,masks/180.png
images/181.png,masks/181.png
images/182.png,masks/182.png
images/183.png,masks/183.png
images/184.png,masks/184.png
images/185.png,masks/185.png
images/186.png,masks/186.png
images/187.png,masks/187.png
images/188.png,masks/188.png
images/189.png,masks/189.png
images/190.png,masks/190.png
images/191.png,masks/191.png
images/192.png,masks/192.png
images/193.png,masks/193.png
images/194.png,masks/194.png
images/195.png,masks/195.png
images/196.png,masks/196.png
images/197.png,masks/197.png
images/198.png,masks/198.png
images/199.png,masks/199.png
images/200.png,masks/200.png
images/201.png,masks/201.png
images/202.png,masks/202.png
images/203.png,masks/203.png
images/204.png,masks/204.png
images/205.png,masks/205.png
images/206.png,masks/206.png
images/207.png,masks/207.png
images/208.png,masks/208.png
images/209.png,masks/209.png
images/210.png,masks/210.png
images/211.png,masks/211.png
images/212.png,masks/212.png
images/213.png,masks/213.png
images/214.png,masks/214.png
images/215.png,masks/215.png
images/216.png,masks/216.png
images/217.png,masks/217.png
images/218.png,masks/218.png
images/219.png,masks/219.png
images/220.png,masks/220.png
images/221.png,masks/221.png
images/222.png,masks/222.png
images/223.png,masks/223.png
images/224.png,masks/224.png
images/225.png,masks/225.png
images/226.png,masks/226.png
images/227.png,masks/227.png
images/228.png,masks/228.png
images/229.png,masks/229.png
images/230.png,masks/230.png
images/231.png,masks/231.png
images/232.png,masks/232.png
images/233.png,masks/233.png
images/234.png,masks/234.png
images/235.png,masks/235.png
images/236.png,masks/236.png
images/237.png,masks/237.png
images/238.png,masks/238.png
images/239.png,masks/239.png
images/240.png,masks/240.png
images/241.png,masks/241.png
images/242.png,masks/242.png
images/243.png,masks/243.png
images/244.png,masks/244.png
images/245.png,masks/245.png
images/246.png,masks/246.png
images/247.png,masks/247.png
images/248.png,masks/248.png
images/249.png,masks/249.png
images/250.png,masks/250.png
images/251.png,masks/251.png
images/252.png,masks/252.png
images/253.png,masks/253.png
images/254.png,masks/254.png
images/255.png,masks/255.png
images/256.png,masks/256.png
images/257.png,masks/257.png
images/258.png,masks/258.png
images/259.png,masks/259.png
images/260.png,masks/260.png
images/261.png,masks/261.png
images/262.png,masks/262.png
images/263.png,masks/263.png
images/264.png,masks/264.png
images/265.png,masks/265.png
images/266.png,masks/266.png
images/267.png,masks/267.png
images/268.png,masks/268.png
images/269.png,masks/269.png
images/270.png,masks/270.png
images/271.png,masks/271.png
images/272.png,masks/272.png
images/273.png,masks/273.png
images/274.png,masks/274.png
images/275.png,masks/275.png
images/276.png,masks/276.png
images/277.png,masks/277.png
images/278.png,masks/278.png
images/279.png,masks/279.png
images/280.png,masks/280.png
images/281.png,masks/281.png
images/282.png,masks/282.png
images/283.png,masks/283.png
images/284.png,masks/284.png
images/285.png,masks/285.png
images/286.png,masks/286.png
images/287.png,masks/287.png
images/288.png,masks/288.png
images/289.png,masks/289.png
images/290.png,masks/290.png
images/291.png,masks/291.png
images/292.png,masks/292.png
images/293.png,masks/293.png
images/294.png,masks/294.png
images/295.png,masks/295.png
images/296.png,masks/296.png
images/297.png,masks/297.png
images/298.png,masks/298.png
images/299.png,masks/299.png
images/300.png,masks/300.png
images/301.png,masks/301.png
images/302.png,masks/302.png
images/303.png,masks/303.png
images/304.png,masks/304.png
images/305.png,masks/305.png
images/306.png,masks/306.png
images/307.png,masks/307.png
images/308.png,masks/308.png
images/309.png,masks/309.png
images/310.png,masks/310.png
images/311.png,masks/311.png
images/312.png,masks/312.png
images/313.png,masks/313.png
images/314.png,masks/314.png
images/315.png,masks/315.png
images/316.png,masks/316.png
images/317.png,masks/317.png
images/318.png,masks/318.png
images/319.png,masks/319.png
images/320.png,masks/320.png
images/321.png,masks/321.png
images/322.png,masks/322.png
images/323.png,masks/323.png
images/324.png,masks/324.png
images/325.png,masks/325.png
images/326.png,masks/326.png
images/327.png,masks/327.png
images/328.png,masks/328.png
images/329.png,masks/329.png
images/330.png,masks/330.png
images/331.png,masks/331.png
images/332.png,masks/332.png
images/333.png,masks/333.png
images/334.png,masks/334.png
images/335.png,masks/335.png
images/336.png,masks/336.png
images/337.png,masks/337.png
images/338.png,masks/338.png
images/339.png,masks/339.png
images/340.png,masks/340.png
images/341.png,masks/341.png
images/342.png,masks/342.png
images/343.png,masks/343.png
images/344.png,masks/344.png
images/345.png,masks/345.png
images/346.png,masks/346.png
images/347.png,masks/347.png
images/348.png,masks/348.png
images/349.png,masks/349.png
images/350.png,masks/350.png
images/351.png,masks/351.png
images/352.png,masks/352.png
images/353.png,masks/353.png
images/354.png,masks/354.png
images/355.png,masks/355.png
images/356.png,masks/356.png
images/357.png,masks/357.png
images/358.png,masks/358.png
images/359.png,masks/359.png
images/360.png,masks/360.png
images/361.png,masks/361.png
images/362.png,masks/362.png
images/363.png,masks/363.png
images/364.png,masks/364.png
images/365.png,masks/365.png
images/366.png,masks/366.png
